uri,info,status
/repositories/14/archival_objects/2436486,Already Unpublished,200
/repositories/14/archival_objects/2431658,Already Unpublished,200
/repositories/14/archival_objects/2433609,Already Unpublished,200
/repositories/14/archival_objects/2427484,Already Unpublished,200
/repositories/14/archival_objects/2429759,Already Unpublished,200
/repositories/14/archival_objects/2441348,Already Unpublished,200
/repositories/14/archival_objects/2428920,Already Unpublished,200
/repositories/14/archival_objects/2440400,Already Unpublished,200
/repositories/14/archival_objects/2441253,Already Unpublished,200
/repositories/14/archival_objects/2440985,Already Unpublished,200
/repositories/14/archival_objects/2434036,Already Unpublished,200
/repositories/14/archival_objects/2431173,Already Unpublished,200
/repositories/14/archival_objects/2429683,Already Unpublished,200
/repositories/14/archival_objects/2433582,Already Unpublished,200
/repositories/14/archival_objects/2432576,Already Unpublished,200
/repositories/14/archival_objects/2439018,Already Unpublished,200
/repositories/6/archival_objects/2549745,Unpublished,200
/repositories/6/archival_objects/2549744,Unpublished,200
/repositories/7/archival_objects/2946205,Already Unpublished,200
/repositories/7/archival_objects/3184923,Already Unpublished,200
/repositories/14/archival_objects/2434096,Already Unpublished,200
/repositories/14/archival_objects/2434243,Already Unpublished,200
/repositories/14/archival_objects/2427422,Already Unpublished,200
/repositories/14/archival_objects/2437137,Already Unpublished,200
/repositories/14/archival_objects/2437645,Already Unpublished,200
/repositories/14/archival_objects/2433589,Already Unpublished,200
/repositories/14/archival_objects/2439074,Already Unpublished,200
/repositories/14/archival_objects/2432196,Already Unpublished,200
/repositories/14/archival_objects/2438412,Already Unpublished,200
/repositories/14/archival_objects/2431629,Already Unpublished,200
/repositories/14/archival_objects/2429865,Already Unpublished,200
/repositories/14/archival_objects/2441559,Already Unpublished,200
/repositories/14/archival_objects/2439999,Already Unpublished,200
/repositories/14/archival_objects/2434221,Already Unpublished,200
/repositories/14/archival_objects/2428350,Already Unpublished,200
/repositories/14/archival_objects/2438995,Already Unpublished,200
/repositories/14/archival_objects/2429876,Already Unpublished,200
/repositories/14/archival_objects/2438491,Already Unpublished,200
/repositories/14/archival_objects/2429992,Already Unpublished,200
/repositories/14/archival_objects/2426776,Already Unpublished,200
/repositories/14/archival_objects/2440114,Already Unpublished,200
/repositories/14/archival_objects/2431501,Already Unpublished,200
/repositories/14/archival_objects/2439464,Already Unpublished,200
/repositories/14/archival_objects/2433991,Already Unpublished,200
/repositories/14/archival_objects/2433679,Already Unpublished,200
/repositories/14/archival_objects/2440768,Already Unpublished,200
/repositories/14/archival_objects/2433536,Already Unpublished,200
/repositories/14/archival_objects/2438826,Already Unpublished,200
/repositories/14/archival_objects/2432639,Already Unpublished,200
/repositories/14/archival_objects/2439518,Already Unpublished,200
/repositories/14/archival_objects/2434088,Already Unpublished,200
/repositories/14/archival_objects/2435087,Already Unpublished,200
/repositories/14/archival_objects/2432220,Already Unpublished,200
/repositories/14/archival_objects/2431426,Already Unpublished,200
/repositories/14/archival_objects/2440362,Already Unpublished,200
/repositories/14/archival_objects/2430619,Already Unpublished,200
/repositories/14/archival_objects/2426619,Already Unpublished,200
/repositories/14/archival_objects/2429298,Already Unpublished,200
/repositories/7/archival_objects/3231427,Unpublished,200
/repositories/14/archival_objects/2436412,Already Unpublished,200
/repositories/14/archival_objects/2428707,Already Unpublished,200
/repositories/11/archival_objects/2399144,Unpublished,200
/repositories/14/archival_objects/2436029,Already Unpublished,200
/repositories/11/archival_objects/2442004,Already Unpublished,200
/repositories/11/archival_objects/2640278,Already Unpublished,200
/repositories/4/archival_objects/2854481,Already Unpublished,200
/repositories/11/archival_objects/3196322,Already Unpublished,200
/repositories/11/archival_objects/2782809,Already Unpublished,200
/repositories/10/archival_objects/2965656,Already Unpublished,200
/repositories/10/archival_objects/2965660,Already Unpublished,200
/repositories/10/archival_objects/2965665,Already Unpublished,200
/repositories/10/archival_objects/2965650,Already Unpublished,200
/repositories/10/archival_objects/2965669,Already Unpublished,200
/repositories/10/archival_objects/2965666,Already Unpublished,200
/repositories/10/archival_objects/2965670,Already Unpublished,200
/repositories/10/archival_objects/2965649,Already Unpublished,200
/repositories/10/archival_objects/2965647,Already Unpublished,200
/repositories/10/archival_objects/2965654,Already Unpublished,200
/repositories/10/archival_objects/2965653,Already Unpublished,200
/repositories/10/archival_objects/2965648,Already Unpublished,200
/repositories/10/archival_objects/2965651,Already Unpublished,200
/repositories/10/archival_objects/2965661,Already Unpublished,200
/repositories/10/archival_objects/2965663,Already Unpublished,200
/repositories/10/archival_objects/2965658,Already Unpublished,200
/repositories/10/archival_objects/2965652,Already Unpublished,200
/repositories/10/archival_objects/2965659,Already Unpublished,200
/repositories/10/archival_objects/2965657,Already Unpublished,200
/repositories/10/archival_objects/2965664,Already Unpublished,200
/repositories/10/archival_objects/2965655,Already Unpublished,200
/repositories/10/archival_objects/2965667,Already Unpublished,200
/repositories/3/archival_objects/2224633,Already Unpublished,200
/repositories/3/archival_objects/2222934,Already Unpublished,200
/repositories/3/archival_objects/2224630,Already Unpublished,200
/repositories/3/archival_objects/2224617,Already Unpublished,200
/repositories/3/archival_objects/2222937,Already Unpublished,200
/repositories/3/archival_objects/2903529,Already Unpublished,200
/repositories/3/archival_objects/2903523,Already Unpublished,200
/repositories/3/archival_objects/2903530,Already Unpublished,200
/repositories/3/archival_objects/2904209,Already Unpublished,200
/repositories/11/archival_objects/2366195,Already Unpublished,200
/repositories/4/archival_objects/115125,Already Unpublished,200
/repositories/12/archival_objects/801849,Already Unpublished,200
/repositories/12/archival_objects/801854,Already Unpublished,200
/repositories/12/archival_objects/801859,Already Unpublished,200
/repositories/12/archival_objects/801864,Already Unpublished,200
/repositories/12/archival_objects/801869,Already Unpublished,200
/repositories/12/archival_objects/801874,Already Unpublished,200
/repositories/12/archival_objects/801879,Already Unpublished,200
/repositories/12/archival_objects/801884,Already Unpublished,200
/repositories/12/archival_objects/801889,Already Unpublished,200
/repositories/12/archival_objects/801837,Already Unpublished,200
/repositories/12/archival_objects/801894,Already Unpublished,200
/repositories/12/archival_objects/801899,Already Unpublished,200
/repositories/12/archival_objects/801904,Already Unpublished,200
/repositories/12/archival_objects/801909,Already Unpublished,200
/repositories/12/archival_objects/801914,Already Unpublished,200
/repositories/12/archival_objects/801919,Already Unpublished,200
/repositories/12/archival_objects/801843,Already Unpublished,200
/repositories/12/archival_objects/801929,Already Unpublished,200
/repositories/12/archival_objects/801934,Already Unpublished,200
/repositories/12/archival_objects/801939,Already Unpublished,200
/repositories/12/archival_objects/801944,Already Unpublished,200
/repositories/12/archival_objects/801949,Already Unpublished,200
/repositories/12/archival_objects/2090550,Already Unpublished,200
/repositories/12/archival_objects/2073394,Already Unpublished,200
/repositories/12/archival_objects/2089269,Already Unpublished,200
/repositories/12/archival_objects/2073667,Already Unpublished,200
/repositories/12/archival_objects/2089591,Already Unpublished,200
/repositories/12/archival_objects/2072554,Already Unpublished,200
/repositories/12/archival_objects/2072567,Already Unpublished,200
/repositories/14/archival_objects/3357063,Already Unpublished,200
/repositories/14/archival_objects/2725479,Already Unpublished,200
/repositories/14/archival_objects/2725552,Already Unpublished,200
/repositories/14/archival_objects/2725476,Already Unpublished,200
/repositories/14/archival_objects/2725477,Already Unpublished,200
/repositories/4/archival_objects/17557,Already Unpublished,200
/repositories/4/archival_objects/17585,Already Unpublished,200
/repositories/7/archival_objects/3210753,Already Unpublished,200
/repositories/4/archival_objects/18011,Already Unpublished,200
/repositories/12/archival_objects/1205195,Already Unpublished,200
/repositories/12/archival_objects/1205196,Already Unpublished,200
/repositories/12/archival_objects/1205197,Already Unpublished,200
/repositories/12/archival_objects/1205199,Already Unpublished,200
/repositories/12/archival_objects/1205200,Already Unpublished,200
/repositories/12/archival_objects/2009190,Already Unpublished,200
/repositories/12/archival_objects/2024218,Already Unpublished,200
/repositories/12/archival_objects/2024217,Already Unpublished,200
/repositories/12/archival_objects/2024220,Already Unpublished,200
/repositories/12/archival_objects/2024221,Already Unpublished,200
/repositories/12/archival_objects/2024222,Already Unpublished,200
/repositories/12/archival_objects/2024223,Already Unpublished,200
/repositories/12/archival_objects/2024225,Already Unpublished,200
/repositories/12/archival_objects/2024227,Already Unpublished,200
/repositories/12/archival_objects/2024226,Already Unpublished,200
/repositories/12/archival_objects/2024228,Already Unpublished,200
/repositories/12/archival_objects/2024229,Already Unpublished,200
/repositories/12/archival_objects/2024232,Already Unpublished,200
/repositories/12/archival_objects/2024233,Already Unpublished,200
/repositories/12/archival_objects/2024242,Already Unpublished,200
/repositories/12/archival_objects/2024243,Already Unpublished,200
/repositories/12/archival_objects/2024244,Already Unpublished,200
/repositories/12/archival_objects/2024245,Already Unpublished,200
/repositories/12/archival_objects/2024246,Already Unpublished,200
/repositories/12/archival_objects/2024247,Already Unpublished,200
/repositories/12/archival_objects/2024248,Already Unpublished,200
/repositories/12/archival_objects/2024249,Already Unpublished,200
/repositories/12/archival_objects/2024251,Already Unpublished,200
/repositories/12/archival_objects/2024253,Already Unpublished,200
/repositories/12/archival_objects/2024256,Already Unpublished,200
/repositories/12/archival_objects/2024257,Already Unpublished,200
/repositories/12/archival_objects/2024258,Already Unpublished,200
/repositories/12/archival_objects/2024259,Already Unpublished,200
/repositories/12/archival_objects/2024260,Already Unpublished,200
/repositories/12/archival_objects/2024350,Already Unpublished,200
/repositories/12/archival_objects/2009195,Already Unpublished,200
/repositories/12/archival_objects/2009199,Already Unpublished,200
/repositories/12/archival_objects/2007225,Already Unpublished,200
/repositories/12/archival_objects/2046589,Already Unpublished,200
/repositories/12/archival_objects/2089916,Already Unpublished,200
/repositories/12/archival_objects/2090064,Already Unpublished,200
/repositories/12/archival_objects/2646765,Already Unpublished,200
/repositories/12/archival_objects/2646766,Already Unpublished,200
/repositories/12/archival_objects/3195669,Already Unpublished,200
/repositories/12/archival_objects/2743414,Already Unpublished,200
/repositories/12/archival_objects/2864530,Already Unpublished,200
/repositories/12/archival_objects/2864533,Already Unpublished,200
/repositories/12/archival_objects/2864541,Already Unpublished,200
/repositories/12/archival_objects/2864547,Already Unpublished,200
/repositories/12/archival_objects/2864550,Already Unpublished,200
/repositories/12/archival_objects/2864553,Already Unpublished,200
/repositories/12/archival_objects/2864558,Already Unpublished,200
/repositories/12/archival_objects/2864559,Already Unpublished,200
/repositories/12/archival_objects/2864560,Already Unpublished,200
/repositories/12/archival_objects/2864561,Already Unpublished,200
/repositories/12/archival_objects/2864562,Already Unpublished,200
/repositories/12/archival_objects/2864563,Already Unpublished,200
/repositories/12/archival_objects/2864564,Already Unpublished,200
/repositories/12/archival_objects/2864565,Already Unpublished,200
/repositories/12/archival_objects/2864566,Already Unpublished,200
/repositories/12/archival_objects/2864567,Already Unpublished,200
/repositories/12/archival_objects/2864568,Already Unpublished,200
/repositories/12/archival_objects/2864569,Already Unpublished,200
/repositories/12/archival_objects/2864570,Already Unpublished,200
/repositories/12/archival_objects/2864571,Already Unpublished,200
/repositories/12/archival_objects/2864572,Already Unpublished,200
/repositories/12/archival_objects/2864573,Already Unpublished,200
/repositories/12/archival_objects/2864576,Already Unpublished,200
/repositories/12/archival_objects/2864578,Already Unpublished,200
/repositories/12/archival_objects/2864579,Already Unpublished,200
/repositories/12/archival_objects/2864580,Already Unpublished,200
/repositories/12/archival_objects/2864582,Already Unpublished,200
/repositories/12/archival_objects/2864583,Already Unpublished,200
/repositories/12/archival_objects/2864584,Already Unpublished,200
/repositories/12/archival_objects/2864585,Already Unpublished,200
/repositories/12/archival_objects/2864586,Already Unpublished,200
/repositories/12/archival_objects/2864587,Already Unpublished,200
/repositories/12/archival_objects/2864588,Already Unpublished,200
/repositories/12/archival_objects/2864589,Already Unpublished,200
/repositories/12/archival_objects/2864590,Already Unpublished,200
/repositories/12/archival_objects/2864591,Already Unpublished,200
/repositories/12/archival_objects/2864593,Already Unpublished,200
/repositories/12/archival_objects/2864594,Already Unpublished,200
/repositories/12/archival_objects/2864595,Already Unpublished,200
/repositories/12/archival_objects/2864596,Already Unpublished,200
/repositories/12/archival_objects/2864597,Already Unpublished,200
/repositories/12/archival_objects/2864598,Already Unpublished,200
/repositories/12/archival_objects/2864599,Already Unpublished,200
/repositories/12/archival_objects/2864601,Already Unpublished,200
/repositories/12/archival_objects/2864604,Already Unpublished,200
/repositories/12/archival_objects/2864605,Already Unpublished,200
/repositories/12/archival_objects/2864606,Already Unpublished,200
/repositories/12/archival_objects/2864607,Already Unpublished,200
/repositories/12/archival_objects/2864608,Already Unpublished,200
/repositories/12/archival_objects/2864609,Already Unpublished,200
/repositories/12/archival_objects/2864610,Already Unpublished,200
/repositories/12/archival_objects/2864613,Already Unpublished,200
/repositories/12/archival_objects/2864614,Already Unpublished,200
/repositories/12/archival_objects/2864615,Already Unpublished,200
/repositories/12/archival_objects/2864616,Already Unpublished,200
/repositories/12/archival_objects/2864617,Already Unpublished,200
/repositories/12/archival_objects/2864618,Already Unpublished,200
/repositories/12/archival_objects/2864620,Already Unpublished,200
/repositories/12/archival_objects/2864621,Already Unpublished,200
/repositories/12/archival_objects/2864624,Already Unpublished,200
/repositories/12/archival_objects/2864634,Already Unpublished,200
/repositories/12/archival_objects/2864635,Already Unpublished,200
/repositories/12/archival_objects/2864642,Already Unpublished,200
/repositories/12/archival_objects/2864643,Already Unpublished,200
/repositories/12/archival_objects/2864648,Already Unpublished,200
/repositories/12/archival_objects/2864649,Already Unpublished,200
/repositories/12/archival_objects/2864650,Already Unpublished,200
/repositories/12/archival_objects/2864661,Already Unpublished,200
/repositories/12/archival_objects/2864670,Already Unpublished,200
/repositories/12/archival_objects/2864671,Already Unpublished,200
/repositories/12/archival_objects/2864676,Already Unpublished,200
/repositories/12/archival_objects/2864678,Already Unpublished,200
/repositories/12/archival_objects/2864680,Already Unpublished,200
/repositories/12/archival_objects/2864681,Already Unpublished,200
/repositories/12/archival_objects/2864689,Already Unpublished,200
/repositories/12/archival_objects/2864692,Already Unpublished,200
/repositories/12/archival_objects/2864694,Already Unpublished,200
/repositories/12/archival_objects/2864699,Already Unpublished,200
/repositories/12/archival_objects/2864703,Already Unpublished,200
/repositories/12/archival_objects/2864704,Already Unpublished,200
/repositories/12/archival_objects/2864714,Already Unpublished,200
/repositories/12/archival_objects/2864715,Already Unpublished,200
/repositories/12/archival_objects/2864723,Already Unpublished,200
/repositories/12/archival_objects/3271009,Already Unpublished,200
/repositories/12/archival_objects/3233475,Already Unpublished,200
/repositories/12/archival_objects/2086644,Already Unpublished,200
/repositories/12/archival_objects/2864720,Already Unpublished,200
/repositories/12/archival_objects/851562,Already Unpublished,200
/repositories/12/archival_objects/851547,Already Unpublished,200
/repositories/12/archival_objects/851568,Already Unpublished,200
/repositories/12/archival_objects/851538,Already Unpublished,200
/repositories/12/archival_objects/851565,Already Unpublished,200
/repositories/12/archival_objects/3495082,Already Unpublished,200
/repositories/12/archival_objects/3495085,Already Unpublished,200
/repositories/12/archival_objects/2086767,Already Unpublished,200
/repositories/12/archival_objects/2086765,Already Unpublished,200
/repositories/4/archival_objects/19841,Already Unpublished,200
/repositories/14/archival_objects/3335060,Already Unpublished,200
/repositories/11/archival_objects/2442015,Already Unpublished,200
/repositories/12/archival_objects/851559,Already Unpublished,200
/repositories/12/archival_objects/851541,Already Unpublished,200
/repositories/12/archival_objects/851553,Already Unpublished,200
/repositories/12/archival_objects/851544,Already Unpublished,200
/repositories/12/archival_objects/851572,Already Unpublished,200
/repositories/12/archival_objects/851575,Already Unpublished,200
/repositories/12/archival_objects/851556,Already Unpublished,200
/repositories/12/archival_objects/2073062,Already Unpublished,200
/repositories/12/archival_objects/851550,Unpublished,200
/repositories/11/resources/11258,Already Unpublished,200
/repositories/11/resources/11288,Already Unpublished,200
