uri,status,info
/repositories/11/archival_objects/779663,200,"{'status': 'Updated', 'id': 779663, 'lock_version': 5, 'stale': True, 'uri': '/repositories/11/archival_objects/779663', 'warnings': []}"
/repositories/11/archival_objects/779779,200,"{'status': 'Updated', 'id': 779779, 'lock_version': 6, 'stale': True, 'uri': '/repositories/11/archival_objects/779779', 'warnings': []}"
/repositories/11/archival_objects/779788,200,"{'status': 'Updated', 'id': 779788, 'lock_version': 6, 'stale': True, 'uri': '/repositories/11/archival_objects/779788', 'warnings': []}"
/repositories/12/archival_objects/2287199,200,"{'status': 'Updated', 'id': 2287199, 'lock_version': 5, 'stale': True, 'uri': '/repositories/12/archival_objects/2287199', 'warnings': []}"
/repositories/12/archival_objects/2287201,200,"{'status': 'Updated', 'id': 2287201, 'lock_version': 5, 'stale': True, 'uri': '/repositories/12/archival_objects/2287201', 'warnings': []}"
/repositories/12/archival_objects/2287208,200,"{'status': 'Updated', 'id': 2287208, 'lock_version': 4, 'stale': True, 'uri': '/repositories/12/archival_objects/2287208', 'warnings': []}"
/repositories/12/archival_objects/2287209,200,"{'status': 'Updated', 'id': 2287209, 'lock_version': 4, 'stale': True, 'uri': '/repositories/12/archival_objects/2287209', 'warnings': []}"
/repositories/12/archival_objects/2287210,200,"{'status': 'Updated', 'id': 2287210, 'lock_version': 4, 'stale': True, 'uri': '/repositories/12/archival_objects/2287210', 'warnings': []}"
/repositories/12/archival_objects/2287211,200,"{'status': 'Updated', 'id': 2287211, 'lock_version': 4, 'stale': True, 'uri': '/repositories/12/archival_objects/2287211', 'warnings': []}"
/repositories/12/archival_objects/2287215,200,"{'status': 'Updated', 'id': 2287215, 'lock_version': 4, 'stale': True, 'uri': '/repositories/12/archival_objects/2287215', 'warnings': []}"
/repositories/12/archival_objects/2287216,200,"{'status': 'Updated', 'id': 2287216, 'lock_version': 4, 'stale': True, 'uri': '/repositories/12/archival_objects/2287216', 'warnings': []}"
/repositories/12/archival_objects/2287218,200,"{'status': 'Updated', 'id': 2287218, 'lock_version': 4, 'stale': True, 'uri': '/repositories/12/archival_objects/2287218', 'warnings': []}"
/repositories/12/archival_objects/2287219,200,"{'status': 'Updated', 'id': 2287219, 'lock_version': 4, 'stale': True, 'uri': '/repositories/12/archival_objects/2287219', 'warnings': []}"
/repositories/12/archival_objects/2287220,200,"{'status': 'Updated', 'id': 2287220, 'lock_version': 4, 'stale': True, 'uri': '/repositories/12/archival_objects/2287220', 'warnings': []}"
/repositories/11/archival_objects/779735,200,"{'status': 'Updated', 'id': 779735, 'lock_version': 6, 'stale': True, 'uri': '/repositories/11/archival_objects/779735', 'warnings': []}"
/repositories/12/archival_objects/2067982,200,"{'status': 'Updated', 'id': 2067982, 'lock_version': 14, 'stale': True, 'uri': '/repositories/12/archival_objects/2067982', 'warnings': []}"
/repositories/12/archival_objects/2049362,200,"{'status': 'Updated', 'id': 2049362, 'lock_version': 8, 'stale': True, 'uri': '/repositories/12/archival_objects/2049362', 'warnings': []}"
/repositories/12/archival_objects/2049368,200,"{'status': 'Updated', 'id': 2049368, 'lock_version': 8, 'stale': True, 'uri': '/repositories/12/archival_objects/2049368', 'warnings': []}"
/repositories/12/archival_objects/2049407,200,"{'status': 'Updated', 'id': 2049407, 'lock_version': 8, 'stale': True, 'uri': '/repositories/12/archival_objects/2049407', 'warnings': []}"
/repositories/9/resources/464,200,"{'status': 'Updated', 'id': 464, 'lock_version': 26, 'stale': True, 'uri': '/repositories/9/resources/464', 'warnings': []}"
/repositories/11/resources/571,200,"{'status': 'Updated', 'id': 571, 'lock_version': 9, 'stale': True, 'uri': '/repositories/11/resources/571', 'warnings': []}"
/repositories/11/resources/576,200,"{'status': 'Updated', 'id': 576, 'lock_version': 10, 'stale': True, 'uri': '/repositories/11/resources/576', 'warnings': []}"
/repositories/11/resources/578,200,"{'status': 'Updated', 'id': 578, 'lock_version': 45, 'stale': True, 'uri': '/repositories/11/resources/578', 'warnings': []}"
/repositories/11/resources/593,200,"{'status': 'Updated', 'id': 593, 'lock_version': 44, 'stale': True, 'uri': '/repositories/11/resources/593', 'warnings': []}"
/repositories/11/resources/871,200,"{'status': 'Updated', 'id': 871, 'lock_version': 25, 'stale': True, 'uri': '/repositories/11/resources/871', 'warnings': []}"
/repositories/11/resources/956,200,"{'status': 'Updated', 'id': 956, 'lock_version': 16, 'stale': True, 'uri': '/repositories/11/resources/956', 'warnings': []}"
/repositories/11/resources/1027,200,"{'status': 'Updated', 'id': 1027, 'lock_version': 13, 'stale': True, 'uri': '/repositories/11/resources/1027', 'warnings': []}"
/repositories/11/resources/1303,200,"{'status': 'Updated', 'id': 1303, 'lock_version': 15, 'stale': True, 'uri': '/repositories/11/resources/1303', 'warnings': []}"
/repositories/11/resources/1310,200,"{'status': 'Updated', 'id': 1310, 'lock_version': 17, 'stale': True, 'uri': '/repositories/11/resources/1310', 'warnings': []}"
/repositories/11/resources/1541,200,"{'status': 'Updated', 'id': 1541, 'lock_version': 19, 'stale': True, 'uri': '/repositories/11/resources/1541', 'warnings': []}"
/repositories/11/resources/1734,200,"{'status': 'Updated', 'id': 1734, 'lock_version': 20, 'stale': True, 'uri': '/repositories/11/resources/1734', 'warnings': []}"
/repositories/11/resources/1892,200,"{'status': 'Updated', 'id': 1892, 'lock_version': 37, 'stale': True, 'uri': '/repositories/11/resources/1892', 'warnings': []}"
/repositories/11/resources/588,200,"{'status': 'Updated', 'id': 588, 'lock_version': 41, 'stale': True, 'uri': '/repositories/11/resources/588', 'warnings': []}"
/repositories/12/resources/3287,200,"{'status': 'Updated', 'id': 3287, 'lock_version': 23, 'stale': True, 'uri': '/repositories/12/resources/3287', 'warnings': []}"
/repositories/12/resources/3313,200,"{'status': 'Updated', 'id': 3313, 'lock_version': 43, 'stale': True, 'uri': '/repositories/12/resources/3313', 'warnings': []}"
/repositories/12/resources/3379,200,"{'status': 'Updated', 'id': 3379, 'lock_version': 19, 'stale': True, 'uri': '/repositories/12/resources/3379', 'warnings': []}"
/repositories/12/resources/3380,200,"{'status': 'Updated', 'id': 3380, 'lock_version': 20, 'stale': True, 'uri': '/repositories/12/resources/3380', 'warnings': []}"
/repositories/12/resources/3382,200,"{'status': 'Updated', 'id': 3382, 'lock_version': 21, 'stale': True, 'uri': '/repositories/12/resources/3382', 'warnings': []}"
/repositories/12/resources/3383,200,"{'status': 'Updated', 'id': 3383, 'lock_version': 20, 'stale': True, 'uri': '/repositories/12/resources/3383', 'warnings': []}"
/repositories/12/resources/3384,200,"{'status': 'Updated', 'id': 3384, 'lock_version': 20, 'stale': True, 'uri': '/repositories/12/resources/3384', 'warnings': []}"
/repositories/12/resources/3385,200,"{'status': 'Updated', 'id': 3385, 'lock_version': 20, 'stale': True, 'uri': '/repositories/12/resources/3385', 'warnings': []}"
/repositories/12/resources/3386,200,"{'status': 'Updated', 'id': 3386, 'lock_version': 20, 'stale': True, 'uri': '/repositories/12/resources/3386', 'warnings': []}"
/repositories/12/resources/3388,200,"{'status': 'Updated', 'id': 3388, 'lock_version': 20, 'stale': True, 'uri': '/repositories/12/resources/3388', 'warnings': []}"
/repositories/12/resources/3391,200,"{'status': 'Updated', 'id': 3391, 'lock_version': 21, 'stale': True, 'uri': '/repositories/12/resources/3391', 'warnings': []}"
/repositories/12/resources/3392,200,"{'status': 'Updated', 'id': 3392, 'lock_version': 20, 'stale': True, 'uri': '/repositories/12/resources/3392', 'warnings': []}"
/repositories/12/resources/3394,200,"{'status': 'Updated', 'id': 3394, 'lock_version': 20, 'stale': True, 'uri': '/repositories/12/resources/3394', 'warnings': []}"
/repositories/12/resources/3397,200,"{'status': 'Updated', 'id': 3397, 'lock_version': 20, 'stale': True, 'uri': '/repositories/12/resources/3397', 'warnings': []}"
/repositories/12/resources/3398,200,"{'status': 'Updated', 'id': 3398, 'lock_version': 20, 'stale': True, 'uri': '/repositories/12/resources/3398', 'warnings': []}"
/repositories/12/resources/3400,200,"{'status': 'Updated', 'id': 3400, 'lock_version': 20, 'stale': True, 'uri': '/repositories/12/resources/3400', 'warnings': []}"
/repositories/12/resources/3401,200,"{'status': 'Updated', 'id': 3401, 'lock_version': 20, 'stale': True, 'uri': '/repositories/12/resources/3401', 'warnings': []}"
/repositories/12/resources/3403,200,"{'status': 'Updated', 'id': 3403, 'lock_version': 20, 'stale': True, 'uri': '/repositories/12/resources/3403', 'warnings': []}"
/repositories/12/resources/3404,200,"{'status': 'Updated', 'id': 3404, 'lock_version': 18, 'stale': True, 'uri': '/repositories/12/resources/3404', 'warnings': []}"
/repositories/12/resources/3405,200,"{'status': 'Updated', 'id': 3405, 'lock_version': 20, 'stale': True, 'uri': '/repositories/12/resources/3405', 'warnings': []}"
/repositories/12/resources/3406,200,"{'status': 'Updated', 'id': 3406, 'lock_version': 20, 'stale': True, 'uri': '/repositories/12/resources/3406', 'warnings': []}"
/repositories/12/resources/3407,200,"{'status': 'Updated', 'id': 3407, 'lock_version': 20, 'stale': True, 'uri': '/repositories/12/resources/3407', 'warnings': []}"
/repositories/12/resources/3408,200,"{'status': 'Updated', 'id': 3408, 'lock_version': 20, 'stale': True, 'uri': '/repositories/12/resources/3408', 'warnings': []}"
/repositories/12/resources/3411,200,"{'status': 'Updated', 'id': 3411, 'lock_version': 20, 'stale': True, 'uri': '/repositories/12/resources/3411', 'warnings': []}"
/repositories/12/resources/3412,200,"{'status': 'Updated', 'id': 3412, 'lock_version': 20, 'stale': True, 'uri': '/repositories/12/resources/3412', 'warnings': []}"
/repositories/12/resources/3414,200,"{'status': 'Updated', 'id': 3414, 'lock_version': 21, 'stale': True, 'uri': '/repositories/12/resources/3414', 'warnings': []}"
/repositories/12/resources/3416,200,"{'status': 'Updated', 'id': 3416, 'lock_version': 20, 'stale': True, 'uri': '/repositories/12/resources/3416', 'warnings': []}"
/repositories/12/resources/3417,200,"{'status': 'Updated', 'id': 3417, 'lock_version': 21, 'stale': True, 'uri': '/repositories/12/resources/3417', 'warnings': []}"
/repositories/12/resources/3418,200,"{'status': 'Updated', 'id': 3418, 'lock_version': 20, 'stale': True, 'uri': '/repositories/12/resources/3418', 'warnings': []}"
/repositories/12/resources/3419,200,"{'status': 'Updated', 'id': 3419, 'lock_version': 20, 'stale': True, 'uri': '/repositories/12/resources/3419', 'warnings': []}"
/repositories/12/resources/3421,200,"{'status': 'Updated', 'id': 3421, 'lock_version': 20, 'stale': True, 'uri': '/repositories/12/resources/3421', 'warnings': []}"
/repositories/12/resources/3422,200,"{'status': 'Updated', 'id': 3422, 'lock_version': 19, 'stale': True, 'uri': '/repositories/12/resources/3422', 'warnings': []}"
/repositories/12/resources/3442,200,"{'status': 'Updated', 'id': 3442, 'lock_version': 21, 'stale': True, 'uri': '/repositories/12/resources/3442', 'warnings': []}"
/repositories/12/resources/3444,200,"{'status': 'Updated', 'id': 3444, 'lock_version': 20, 'stale': True, 'uri': '/repositories/12/resources/3444', 'warnings': []}"
/repositories/12/resources/3471,200,"{'status': 'Updated', 'id': 3471, 'lock_version': 19, 'stale': True, 'uri': '/repositories/12/resources/3471', 'warnings': []}"
/repositories/12/resources/3511,200,"{'status': 'Updated', 'id': 3511, 'lock_version': 19, 'stale': True, 'uri': '/repositories/12/resources/3511', 'warnings': []}"
/repositories/12/resources/3525,200,"{'status': 'Updated', 'id': 3525, 'lock_version': 19, 'stale': True, 'uri': '/repositories/12/resources/3525', 'warnings': []}"
/repositories/12/resources/3527,200,"{'status': 'Updated', 'id': 3527, 'lock_version': 24, 'stale': True, 'uri': '/repositories/12/resources/3527', 'warnings': []}"
/repositories/12/resources/3539,200,"{'status': 'Updated', 'id': 3539, 'lock_version': 21, 'stale': True, 'uri': '/repositories/12/resources/3539', 'warnings': []}"
/repositories/12/resources/3546,200,"{'status': 'Updated', 'id': 3546, 'lock_version': 17, 'stale': True, 'uri': '/repositories/12/resources/3546', 'warnings': []}"
/repositories/12/resources/3554,200,"{'status': 'Updated', 'id': 3554, 'lock_version': 18, 'stale': True, 'uri': '/repositories/12/resources/3554', 'warnings': []}"
/repositories/12/resources/3582,200,"{'status': 'Updated', 'id': 3582, 'lock_version': 23, 'stale': True, 'uri': '/repositories/12/resources/3582', 'warnings': []}"
/repositories/12/resources/3583,200,"{'status': 'Updated', 'id': 3583, 'lock_version': 19, 'stale': True, 'uri': '/repositories/12/resources/3583', 'warnings': []}"
/repositories/12/resources/3589,200,"{'status': 'Updated', 'id': 3589, 'lock_version': 24, 'stale': True, 'uri': '/repositories/12/resources/3589', 'warnings': []}"
/repositories/12/resources/3602,200,"{'status': 'Updated', 'id': 3602, 'lock_version': 21, 'stale': True, 'uri': '/repositories/12/resources/3602', 'warnings': []}"
/repositories/12/resources/3689,200,"{'status': 'Updated', 'id': 3689, 'lock_version': 21, 'stale': True, 'uri': '/repositories/12/resources/3689', 'warnings': []}"
/repositories/12/resources/3690,200,"{'status': 'Updated', 'id': 3690, 'lock_version': 21, 'stale': True, 'uri': '/repositories/12/resources/3690', 'warnings': []}"
/repositories/12/resources/3692,200,"{'status': 'Updated', 'id': 3692, 'lock_version': 21, 'stale': True, 'uri': '/repositories/12/resources/3692', 'warnings': []}"
/repositories/12/resources/3712,200,"{'status': 'Updated', 'id': 3712, 'lock_version': 25, 'stale': True, 'uri': '/repositories/12/resources/3712', 'warnings': []}"
/repositories/12/resources/3758,200,"{'status': 'Updated', 'id': 3758, 'lock_version': 23, 'stale': True, 'uri': '/repositories/12/resources/3758', 'warnings': []}"
/repositories/12/resources/4022,200,"{'status': 'Updated', 'id': 4022, 'lock_version': 23, 'stale': True, 'uri': '/repositories/12/resources/4022', 'warnings': []}"
/repositories/12/resources/4412,200,"{'status': 'Updated', 'id': 4412, 'lock_version': 17, 'stale': True, 'uri': '/repositories/12/resources/4412', 'warnings': []}"
/repositories/12/resources/4520,200,"{'status': 'Updated', 'id': 4520, 'lock_version': 29, 'stale': True, 'uri': '/repositories/12/resources/4520', 'warnings': []}"
/repositories/12/resources/4823,200,"{'status': 'Updated', 'id': 4823, 'lock_version': 26, 'stale': True, 'uri': '/repositories/12/resources/4823', 'warnings': []}"
/repositories/12/resources/4837,200,"{'status': 'Updated', 'id': 4837, 'lock_version': 25, 'stale': True, 'uri': '/repositories/12/resources/4837', 'warnings': []}"
/repositories/12/resources/4872,200,"{'status': 'Updated', 'id': 4872, 'lock_version': 20, 'stale': True, 'uri': '/repositories/12/resources/4872', 'warnings': []}"
/repositories/12/resources/5189,200,"{'status': 'Updated', 'id': 5189, 'lock_version': 5, 'stale': True, 'uri': '/repositories/12/resources/5189', 'warnings': []}"
/repositories/12/resources/5202,200,"{'status': 'Updated', 'id': 5202, 'lock_version': 16, 'stale': True, 'uri': '/repositories/12/resources/5202', 'warnings': []}"
/repositories/12/resources/5204,200,"{'status': 'Updated', 'id': 5204, 'lock_version': 16, 'stale': True, 'uri': '/repositories/12/resources/5204', 'warnings': []}"
/repositories/12/resources/5219,200,"{'status': 'Updated', 'id': 5219, 'lock_version': 7, 'stale': True, 'uri': '/repositories/12/resources/5219', 'warnings': []}"
/repositories/12/resources/5239,200,"{'status': 'Updated', 'id': 5239, 'lock_version': 5, 'stale': True, 'uri': '/repositories/12/resources/5239', 'warnings': []}"
/repositories/12/resources/5331,200,"{'status': 'Updated', 'id': 5331, 'lock_version': 27, 'stale': True, 'uri': '/repositories/12/resources/5331', 'warnings': []}"
/repositories/12/resources/5333,200,"{'status': 'Updated', 'id': 5333, 'lock_version': 24, 'stale': True, 'uri': '/repositories/12/resources/5333', 'warnings': []}"
/repositories/12/resources/5334,200,"{'status': 'Updated', 'id': 5334, 'lock_version': 19, 'stale': True, 'uri': '/repositories/12/resources/5334', 'warnings': []}"
/repositories/12/resources/5335,200,"{'status': 'Updated', 'id': 5335, 'lock_version': 21, 'stale': True, 'uri': '/repositories/12/resources/5335', 'warnings': []}"
/repositories/12/resources/5501,200,"{'status': 'Updated', 'id': 5501, 'lock_version': 24, 'stale': True, 'uri': '/repositories/12/resources/5501', 'warnings': []}"
/repositories/12/resources/5716,200,"{'status': 'Updated', 'id': 5716, 'lock_version': 43, 'stale': True, 'uri': '/repositories/12/resources/5716', 'warnings': []}"
/repositories/12/resources/10668,200,"{'status': 'Updated', 'id': 10668, 'lock_version': 19, 'stale': True, 'uri': '/repositories/12/resources/10668', 'warnings': []}"
/repositories/12/resources/10700,200,"{'status': 'Updated', 'id': 10700, 'lock_version': 34, 'stale': True, 'uri': '/repositories/12/resources/10700', 'warnings': []}"
/repositories/11/resources/1875,200,"{'status': 'Updated', 'id': 1875, 'lock_version': 69, 'stale': True, 'uri': '/repositories/11/resources/1875', 'warnings': []}"
/repositories/12/resources/3905,200,"{'status': 'Updated', 'id': 3905, 'lock_version': 22, 'stale': True, 'uri': '/repositories/12/resources/3905', 'warnings': []}"
/repositories/11/resources/775,200,"{'status': 'Updated', 'id': 775, 'lock_version': 46, 'stale': True, 'uri': '/repositories/11/resources/775', 'warnings': []}"
/repositories/12/resources/4829,200,"{'status': 'Updated', 'id': 4829, 'lock_version': 24, 'stale': True, 'uri': '/repositories/12/resources/4829', 'warnings': []}"
/repositories/12/resources/5269,200,"{'status': 'Updated', 'id': 5269, 'lock_version': 56, 'stale': True, 'uri': '/repositories/12/resources/5269', 'warnings': []}"
/repositories/12/resources/5106,200,"{'status': 'Updated', 'id': 5106, 'lock_version': 7, 'stale': True, 'uri': '/repositories/12/resources/5106', 'warnings': []}"
/repositories/12/resources/3866,200,"{'status': 'Updated', 'id': 3866, 'lock_version': 49, 'stale': True, 'uri': '/repositories/12/resources/3866', 'warnings': []}"
/repositories/12/resources/3751,200,"{'status': 'Updated', 'id': 3751, 'lock_version': 61, 'stale': True, 'uri': '/repositories/12/resources/3751', 'warnings': []}"
/repositories/12/resources/3727,200,"{'status': 'Updated', 'id': 3727, 'lock_version': 25, 'stale': True, 'uri': '/repositories/12/resources/3727', 'warnings': []}"
/repositories/12/resources/3723,200,"{'status': 'Updated', 'id': 3723, 'lock_version': 19, 'stale': True, 'uri': '/repositories/12/resources/3723', 'warnings': []}"
/repositories/12/resources/3567,200,"{'status': 'Updated', 'id': 3567, 'lock_version': 21, 'stale': True, 'uri': '/repositories/12/resources/3567', 'warnings': []}"
/repositories/12/resources/3597,200,"{'status': 'Updated', 'id': 3597, 'lock_version': 24, 'stale': True, 'uri': '/repositories/12/resources/3597', 'warnings': []}"
/repositories/12/resources/3706,200,"{'status': 'Updated', 'id': 3706, 'lock_version': 23, 'stale': True, 'uri': '/repositories/12/resources/3706', 'warnings': []}"
/repositories/11/resources/1823,200,"{'status': 'Updated', 'id': 1823, 'lock_version': 27, 'stale': True, 'uri': '/repositories/11/resources/1823', 'warnings': []}"
/repositories/12/resources/3733,200,"{'status': 'Updated', 'id': 3733, 'lock_version': 34, 'stale': True, 'uri': '/repositories/12/resources/3733', 'warnings': []}"
/repositories/11/resources/1669,200,"{'status': 'Updated', 'id': 1669, 'lock_version': 51, 'stale': True, 'uri': '/repositories/11/resources/1669', 'warnings': []}"
/repositories/11/resources/11062,200,"{'status': 'Updated', 'id': 11062, 'lock_version': 71, 'stale': True, 'uri': '/repositories/11/resources/11062', 'warnings': []}"
/repositories/11/resources/933,200,"{'status': 'Updated', 'id': 933, 'lock_version': 19, 'stale': True, 'uri': '/repositories/11/resources/933', 'warnings': []}"
/repositories/12/resources/3697,200,"{'status': 'Updated', 'id': 3697, 'lock_version': 24, 'stale': True, 'uri': '/repositories/12/resources/3697', 'warnings': []}"
/repositories/12/resources/3134,200,"{'status': 'Updated', 'id': 3134, 'lock_version': 39, 'stale': True, 'uri': '/repositories/12/resources/3134', 'warnings': []}"
/repositories/12/resources/2934,200,"{'status': 'Updated', 'id': 2934, 'lock_version': 24, 'stale': True, 'uri': '/repositories/12/resources/2934', 'warnings': []}"
/repositories/12/resources/2952,200,"{'status': 'Updated', 'id': 2952, 'lock_version': 21, 'stale': True, 'uri': '/repositories/12/resources/2952', 'warnings': []}"
/repositories/12/resources/3017,200,"{'status': 'Updated', 'id': 3017, 'lock_version': 32, 'stale': True, 'uri': '/repositories/12/resources/3017', 'warnings': []}"
/repositories/12/resources/3077,200,"{'status': 'Updated', 'id': 3077, 'lock_version': 18, 'stale': True, 'uri': '/repositories/12/resources/3077', 'warnings': []}"
/repositories/12/resources/3106,200,"{'status': 'Updated', 'id': 3106, 'lock_version': 40, 'stale': True, 'uri': '/repositories/12/resources/3106', 'warnings': []}"
/repositories/12/resources/3150,200,"{'status': 'Updated', 'id': 3150, 'lock_version': 29, 'stale': True, 'uri': '/repositories/12/resources/3150', 'warnings': []}"
/repositories/12/resources/3153,200,"{'status': 'Updated', 'id': 3153, 'lock_version': 10, 'stale': True, 'uri': '/repositories/12/resources/3153', 'warnings': []}"
/repositories/12/resources/3160,200,"{'status': 'Updated', 'id': 3160, 'lock_version': 24, 'stale': True, 'uri': '/repositories/12/resources/3160', 'warnings': []}"
/repositories/12/resources/3183,200,"{'status': 'Updated', 'id': 3183, 'lock_version': 22, 'stale': True, 'uri': '/repositories/12/resources/3183', 'warnings': []}"
/repositories/12/resources/3359,200,"{'status': 'Updated', 'id': 3359, 'lock_version': 17, 'stale': True, 'uri': '/repositories/12/resources/3359', 'warnings': []}"
/repositories/12/resources/3393,200,"{'status': 'Updated', 'id': 3393, 'lock_version': 22, 'stale': True, 'uri': '/repositories/12/resources/3393', 'warnings': []}"
/repositories/12/resources/3396,200,"{'status': 'Updated', 'id': 3396, 'lock_version': 22, 'stale': True, 'uri': '/repositories/12/resources/3396', 'warnings': []}"
/repositories/12/resources/3432,200,"{'status': 'Updated', 'id': 3432, 'lock_version': 18, 'stale': True, 'uri': '/repositories/12/resources/3432', 'warnings': []}"
/repositories/12/resources/3524,200,"{'status': 'Updated', 'id': 3524, 'lock_version': 20, 'stale': True, 'uri': '/repositories/12/resources/3524', 'warnings': []}"
/repositories/12/resources/3542,200,"{'status': 'Updated', 'id': 3542, 'lock_version': 25, 'stale': True, 'uri': '/repositories/12/resources/3542', 'warnings': []}"
/repositories/12/resources/3576,200,"{'status': 'Updated', 'id': 3576, 'lock_version': 24, 'stale': True, 'uri': '/repositories/12/resources/3576', 'warnings': []}"
/repositories/12/resources/3578,200,"{'status': 'Updated', 'id': 3578, 'lock_version': 27, 'stale': True, 'uri': '/repositories/12/resources/3578', 'warnings': []}"
/repositories/12/resources/3606,200,"{'status': 'Updated', 'id': 3606, 'lock_version': 81, 'stale': True, 'uri': '/repositories/12/resources/3606', 'warnings': []}"
/repositories/12/resources/3613,200,"{'status': 'Updated', 'id': 3613, 'lock_version': 22, 'stale': True, 'uri': '/repositories/12/resources/3613', 'warnings': []}"
/repositories/12/resources/3686,200,"{'status': 'Updated', 'id': 3686, 'lock_version': 22, 'stale': True, 'uri': '/repositories/12/resources/3686', 'warnings': []}"
/repositories/12/resources/3688,200,"{'status': 'Updated', 'id': 3688, 'lock_version': 23, 'stale': True, 'uri': '/repositories/12/resources/3688', 'warnings': []}"
/repositories/12/resources/3691,200,"{'status': 'Updated', 'id': 3691, 'lock_version': 23, 'stale': True, 'uri': '/repositories/12/resources/3691', 'warnings': []}"
/repositories/12/resources/3693,200,"{'status': 'Updated', 'id': 3693, 'lock_version': 20, 'stale': True, 'uri': '/repositories/12/resources/3693', 'warnings': []}"
/repositories/12/resources/3694,200,"{'status': 'Updated', 'id': 3694, 'lock_version': 22, 'stale': True, 'uri': '/repositories/12/resources/3694', 'warnings': []}"
/repositories/12/resources/3715,200,"{'status': 'Updated', 'id': 3715, 'lock_version': 70, 'stale': True, 'uri': '/repositories/12/resources/3715', 'warnings': []}"
/repositories/12/resources/3732,200,"{'status': 'Updated', 'id': 3732, 'lock_version': 34, 'stale': True, 'uri': '/repositories/12/resources/3732', 'warnings': []}"
/repositories/12/resources/3746,200,"{'status': 'Updated', 'id': 3746, 'lock_version': 24, 'stale': True, 'uri': '/repositories/12/resources/3746', 'warnings': []}"
/repositories/12/resources/3755,200,"{'status': 'Updated', 'id': 3755, 'lock_version': 39, 'stale': True, 'uri': '/repositories/12/resources/3755', 'warnings': []}"
/repositories/12/resources/3761,200,"{'status': 'Updated', 'id': 3761, 'lock_version': 40, 'stale': True, 'uri': '/repositories/12/resources/3761', 'warnings': []}"
/repositories/12/resources/3764,200,"{'status': 'Updated', 'id': 3764, 'lock_version': 24, 'stale': True, 'uri': '/repositories/12/resources/3764', 'warnings': []}"
/repositories/12/resources/3774,200,"{'status': 'Updated', 'id': 3774, 'lock_version': 35, 'stale': True, 'uri': '/repositories/12/resources/3774', 'warnings': []}"
/repositories/12/resources/3777,200,"{'status': 'Updated', 'id': 3777, 'lock_version': 26, 'stale': True, 'uri': '/repositories/12/resources/3777', 'warnings': []}"
/repositories/12/resources/3843,200,"{'status': 'Updated', 'id': 3843, 'lock_version': 28, 'stale': True, 'uri': '/repositories/12/resources/3843', 'warnings': []}"
/repositories/12/resources/3849,200,"{'status': 'Updated', 'id': 3849, 'lock_version': 21, 'stale': True, 'uri': '/repositories/12/resources/3849', 'warnings': []}"
/repositories/12/resources/3891,200,"{'status': 'Updated', 'id': 3891, 'lock_version': 20, 'stale': True, 'uri': '/repositories/12/resources/3891', 'warnings': []}"
/repositories/12/resources/3901,200,"{'status': 'Updated', 'id': 3901, 'lock_version': 20, 'stale': True, 'uri': '/repositories/12/resources/3901', 'warnings': []}"
/repositories/12/resources/3917,200,"{'status': 'Updated', 'id': 3917, 'lock_version': 28, 'stale': True, 'uri': '/repositories/12/resources/3917', 'warnings': []}"
/repositories/12/resources/3967,200,"{'status': 'Updated', 'id': 3967, 'lock_version': 26, 'stale': True, 'uri': '/repositories/12/resources/3967', 'warnings': []}"
/repositories/12/resources/4084,200,"{'status': 'Updated', 'id': 4084, 'lock_version': 26, 'stale': True, 'uri': '/repositories/12/resources/4084', 'warnings': []}"
/repositories/12/resources/4085,200,"{'status': 'Updated', 'id': 4085, 'lock_version': 22, 'stale': True, 'uri': '/repositories/12/resources/4085', 'warnings': []}"
/repositories/12/resources/4088,200,"{'status': 'Updated', 'id': 4088, 'lock_version': 24, 'stale': True, 'uri': '/repositories/12/resources/4088', 'warnings': []}"
/repositories/12/resources/4355,200,"{'status': 'Updated', 'id': 4355, 'lock_version': 26, 'stale': True, 'uri': '/repositories/12/resources/4355', 'warnings': []}"
/repositories/12/resources/4450,200,"{'status': 'Updated', 'id': 4450, 'lock_version': 47, 'stale': True, 'uri': '/repositories/12/resources/4450', 'warnings': []}"
/repositories/12/resources/4469,200,"{'status': 'Updated', 'id': 4469, 'lock_version': 26, 'stale': True, 'uri': '/repositories/12/resources/4469', 'warnings': []}"
/repositories/12/resources/4556,200,"{'status': 'Updated', 'id': 4556, 'lock_version': 54, 'stale': True, 'uri': '/repositories/12/resources/4556', 'warnings': []}"
/repositories/12/resources/4562,200,"{'status': 'Updated', 'id': 4562, 'lock_version': 38, 'stale': True, 'uri': '/repositories/12/resources/4562', 'warnings': []}"
/repositories/12/resources/4817,200,"{'status': 'Updated', 'id': 4817, 'lock_version': 41, 'stale': True, 'uri': '/repositories/12/resources/4817', 'warnings': []}"
/repositories/12/resources/4825,200,"{'status': 'Updated', 'id': 4825, 'lock_version': 59, 'stale': True, 'uri': '/repositories/12/resources/4825', 'warnings': []}"
/repositories/12/resources/4864,200,"{'status': 'Updated', 'id': 4864, 'lock_version': 22, 'stale': True, 'uri': '/repositories/12/resources/4864', 'warnings': []}"
/repositories/12/resources/4877,200,"{'status': 'Updated', 'id': 4877, 'lock_version': 11, 'stale': True, 'uri': '/repositories/12/resources/4877', 'warnings': []}"
/repositories/12/resources/4897,200,"{'status': 'Updated', 'id': 4897, 'lock_version': 33, 'stale': True, 'uri': '/repositories/12/resources/4897', 'warnings': []}"
/repositories/12/resources/4906,200,"{'status': 'Updated', 'id': 4906, 'lock_version': 40, 'stale': True, 'uri': '/repositories/12/resources/4906', 'warnings': []}"
/repositories/12/resources/5037,200,"{'status': 'Updated', 'id': 5037, 'lock_version': 49, 'stale': True, 'uri': '/repositories/12/resources/5037', 'warnings': []}"
/repositories/12/resources/5082,200,"{'status': 'Updated', 'id': 5082, 'lock_version': 9, 'stale': True, 'uri': '/repositories/12/resources/5082', 'warnings': []}"
/repositories/12/resources/5264,200,"{'status': 'Updated', 'id': 5264, 'lock_version': 35, 'stale': True, 'uri': '/repositories/12/resources/5264', 'warnings': []}"
/repositories/12/resources/5275,200,"{'status': 'Updated', 'id': 5275, 'lock_version': 42, 'stale': True, 'uri': '/repositories/12/resources/5275', 'warnings': []}"
/repositories/12/resources/5391,200,"{'status': 'Updated', 'id': 5391, 'lock_version': 57, 'stale': True, 'uri': '/repositories/12/resources/5391', 'warnings': []}"
/repositories/12/resources/5499,200,"{'status': 'Updated', 'id': 5499, 'lock_version': 27, 'stale': True, 'uri': '/repositories/12/resources/5499', 'warnings': []}"
/repositories/12/resources/5542,200,"{'status': 'Updated', 'id': 5542, 'lock_version': 47, 'stale': True, 'uri': '/repositories/12/resources/5542', 'warnings': []}"
/repositories/12/resources/5661,200,"{'status': 'Updated', 'id': 5661, 'lock_version': 56, 'stale': True, 'uri': '/repositories/12/resources/5661', 'warnings': []}"
/repositories/11/resources/5894,200,"{'status': 'Updated', 'id': 5894, 'lock_version': 26, 'stale': True, 'uri': '/repositories/11/resources/5894', 'warnings': []}"
/repositories/11/resources/546,200,"{'status': 'Updated', 'id': 546, 'lock_version': 55, 'stale': True, 'uri': '/repositories/11/resources/546', 'warnings': []}"
/repositories/11/resources/618,200,"{'status': 'Updated', 'id': 618, 'lock_version': 26, 'stale': True, 'uri': '/repositories/11/resources/618', 'warnings': []}"
/repositories/11/resources/1286,200,"{'status': 'Updated', 'id': 1286, 'lock_version': 37, 'stale': True, 'uri': '/repositories/11/resources/1286', 'warnings': []}"
/repositories/12/resources/2250,200,"{'status': 'Updated', 'id': 2250, 'lock_version': 38, 'stale': True, 'uri': '/repositories/12/resources/2250', 'warnings': []}"
