uri,status
/repositories/11/archival_objects/764768,200
/repositories/11/archival_objects/764770,200
/repositories/12/archival_objects/1477931,200
/repositories/12/archival_objects/795585,200
/repositories/12/archival_objects/2119129,200
/repositories/12/archival_objects/2291771,200
/repositories/12/archival_objects/2299362,200
/repositories/12/archival_objects/841144,200
/repositories/12/archival_objects/2291266,200
/repositories/12/archival_objects/784588,200
/repositories/12/archival_objects/2126010,200
/repositories/12/archival_objects/882065,200
/repositories/12/archival_objects/1256268,200
/repositories/12/archival_objects/1256270,200
/repositories/12/archival_objects/1256272,200
/repositories/12/archival_objects/1256273,200
/repositories/12/archival_objects/1256274,200
/repositories/12/archival_objects/1256275,200
/repositories/12/archival_objects/1256276,200
/repositories/12/archival_objects/1256269,200
/repositories/12/archival_objects/2208362,200
/repositories/11/archival_objects/564893,200
/repositories/11/archival_objects/677987,200
/repositories/11/archival_objects/279806,200
/repositories/11/archival_objects/279913,200
/repositories/11/archival_objects/582096,200
/repositories/11/archival_objects/610755,200
/repositories/11/archival_objects/611321,200
/repositories/12/archival_objects/832122,200
/repositories/12/archival_objects/1001889,200
/repositories/12/archival_objects/795371,200
/repositories/12/archival_objects/782020,200
/repositories/12/archival_objects/794843,200
/repositories/12/archival_objects/1434301,200
/repositories/12/archival_objects/1795489,200
/repositories/12/archival_objects/1945539,200
/repositories/12/archival_objects/1288062,200
/repositories/12/archival_objects/898582,200
/repositories/12/archival_objects/1002114,200
/repositories/12/archival_objects/787515,200
/repositories/12/archival_objects/1944988,200
/repositories/12/archival_objects/794206,200
/repositories/12/archival_objects/798063,200
/repositories/12/archival_objects/798178,200
/repositories/12/archival_objects/798179,200
/repositories/12/archival_objects/798180,200
/repositories/12/archival_objects/798181,200
/repositories/12/archival_objects/798182,200
/repositories/12/archival_objects/798206,200
/repositories/12/archival_objects/798283,200
/repositories/12/archival_objects/814244,200
/repositories/12/archival_objects/942804,200
/repositories/12/archival_objects/796901,200
/repositories/12/archival_objects/806590,200
/repositories/12/archival_objects/793832,200
/repositories/12/archival_objects/2670328,200
/repositories/12/archival_objects/1478484,200
/repositories/5/archival_objects/131896,200
/repositories/12/archival_objects/959329,200
/repositories/12/archival_objects/1218464,200
/repositories/12/archival_objects/1944720,200
/repositories/12/archival_objects/785259,200
/repositories/12/archival_objects/825490,200
/repositories/12/archival_objects/1944443,200
/repositories/12/archival_objects/1945262,200
/repositories/12/archival_objects/1332553,200
/repositories/12/archival_objects/1945801,200
/repositories/12/archival_objects/1044900,200
/repositories/12/archival_objects/1044759,200
/repositories/12/archival_objects/1043177,200
/repositories/12/archival_objects/2255039,200
/repositories/12/archival_objects/2255761,200
/repositories/12/archival_objects/839613,200
/repositories/12/archival_objects/835850,200
/repositories/12/archival_objects/839786,200
/repositories/12/archival_objects/861428,200
/repositories/12/archival_objects/860945,200
/repositories/12/archival_objects/864088,200
/repositories/12/archival_objects/863987,200
/repositories/12/archival_objects/2298534,200
/repositories/12/archival_objects/830963,200
/repositories/12/archival_objects/2299340,200
/repositories/12/archival_objects/2299341,200
/repositories/12/archival_objects/2777123,200
/repositories/12/archival_objects/2823221,200
/repositories/12/archival_objects/2823598,200
/repositories/12/archival_objects/2848814,200
/repositories/12/archival_objects/1025032,200
/repositories/11/archival_objects/662810,200
/repositories/11/archival_objects/2892429,200
/repositories/11/archival_objects/764761,200
/repositories/11/archival_objects/2864740,200
/repositories/11/archival_objects/2864760,200
/repositories/11/archival_objects/2864769,200
/repositories/11/archival_objects/2864770,200
/repositories/11/archival_objects/2903029,200
/repositories/11/archival_objects/2903032,200
/repositories/11/archival_objects/2903039,200
/repositories/12/archival_objects/2688949,200
/repositories/12/archival_objects/2746622,200
/repositories/12/archival_objects/3175923,200
/repositories/4/archival_objects/2668472,200
/repositories/12/archival_objects/822119,200
/repositories/12/archival_objects/2397133,200
/repositories/12/archival_objects/1503513,200
/repositories/11/archival_objects/3234836,200
/repositories/12/archival_objects/2718520,200
/repositories/12/archival_objects/2802014,200
/repositories/12/archival_objects/2900110,200
/repositories/12/archival_objects/2777378,200
/repositories/12/archival_objects/2777658,200
/repositories/12/archival_objects/2784122,200
/repositories/12/archival_objects/2822987,200
/repositories/12/archival_objects/3160751,200
/repositories/12/archival_objects/2831074,200
/repositories/12/archival_objects/2718979,200
/repositories/12/archival_objects/3188944,200
/repositories/11/archival_objects/526406,200
/repositories/12/archival_objects/2019045,200
/repositories/12/archival_objects/3275107,200
/repositories/12/archival_objects/3275097,200
/repositories/4/archival_objects/2984569,200
/repositories/12/archival_objects/3348382,200
/repositories/12/archival_objects/2759388,200
/repositories/12/archival_objects/3328256,200
/repositories/11/archival_objects/193983,200
/repositories/12/archival_objects/3342816,200
/repositories/12/archival_objects/3341051,200
/repositories/11/archival_objects/3106585,200
/repositories/11/archival_objects/3106584,200
/repositories/11/archival_objects/3106588,200
/repositories/11/archival_objects/730891,200
/repositories/11/archival_objects/591230,200
/repositories/12/archival_objects/3443797,200
/repositories/11/archival_objects/3536022,200
/repositories/11/archival_objects/3536023,200
/repositories/12/archival_objects/3233857,200
/repositories/12/archival_objects/3672822,200
/repositories/11/archival_objects/3604301,200
/repositories/11/archival_objects/3675400,200
/repositories/11/archival_objects/3656239,200
/repositories/11/archival_objects/3681545,200
/repositories/11/archival_objects/611322,200
/repositories/11/archival_objects/611323,200
/repositories/11/archival_objects/611325,200
/repositories/11/archival_objects/611168,200
/repositories/11/archival_objects/3497545,200
/repositories/11/archival_objects/3555197,200
/repositories/11/archival_objects/3410931,200
/repositories/11/archival_objects/3721844,200
/repositories/11/archival_objects/3721845,200
/repositories/11/archival_objects/3721846,200
/repositories/11/archival_objects/3721847,200
/repositories/11/archival_objects/3675971,200
/repositories/11/archival_objects/3656172,200
/repositories/11/archival_objects/3676251,200
/repositories/12/archival_objects/2395558,200
/repositories/12/archival_objects/2395560,200
/repositories/12/archival_objects/2395562,200
/repositories/12/archival_objects/2395564,200
/repositories/12/archival_objects/2395568,200
/repositories/12/archival_objects/2395570,200
/repositories/12/archival_objects/2395574,200
/repositories/12/archival_objects/2395576,200
/repositories/12/archival_objects/2395580,200
/repositories/12/archival_objects/2395582,200
/repositories/12/archival_objects/2395584,200
/repositories/12/archival_objects/2395831,200
/repositories/12/archival_objects/2395600,200
/repositories/12/archival_objects/2395603,200
/repositories/12/archival_objects/2395607,200
/repositories/12/archival_objects/2395611,200
/repositories/12/archival_objects/2395615,200
/repositories/12/archival_objects/2395625,200
/repositories/12/archival_objects/2395648,200
/repositories/12/archival_objects/2395819,200
/repositories/12/archival_objects/2395679,200
/repositories/12/archival_objects/2395710,200
/repositories/12/archival_objects/2395713,200
/repositories/12/archival_objects/2395715,200
/repositories/12/archival_objects/2395719,200
/repositories/12/archival_objects/2395721,200
/repositories/12/archival_objects/2395786,200
/repositories/12/archival_objects/2395794,200
/repositories/12/archival_objects/2395796,200
/repositories/12/archival_objects/2395805,200
/repositories/12/archival_objects/2395812,200
/repositories/12/archival_objects/2395609,200
/repositories/12/archival_objects/2395613,200
/repositories/12/archival_objects/2395723,200
/repositories/12/archival_objects/2395735,200
/repositories/12/archival_objects/2395776,200
/repositories/12/archival_objects/2395783,200
/repositories/12/archival_objects/3072826,200
/repositories/11/archival_objects/3656189,200
/repositories/11/archival_objects/3656287,200
/repositories/12/archival_objects/3720977,200
/repositories/12/archival_objects/938749,200
/repositories/4/archival_objects/2979869,200
/repositories/4/archival_objects/2979873,200
/repositories/12/archival_objects/3865977,200
/repositories/12/archival_objects/2377731,200
/repositories/12/archival_objects/2371214,200
/repositories/12/archival_objects/2371216,200
/repositories/12/archival_objects/2377690,200
/repositories/12/archival_objects/2377366,200
/repositories/12/archival_objects/2371218,200
/repositories/12/archival_objects/2377735,200
/repositories/12/archival_objects/2377727,200
/repositories/12/archival_objects/2377725,200
/repositories/12/archival_objects/2377679,200
/repositories/12/archival_objects/2377397,200
/repositories/12/archival_objects/2377636,200
/repositories/12/archival_objects/2377386,200
/repositories/12/archival_objects/2377399,200
/repositories/12/archival_objects/2377388,200
/repositories/12/archival_objects/2377535,200
/repositories/12/archival_objects/2377370,200
/repositories/12/archival_objects/2377575,200
/repositories/12/archival_objects/2377696,200
/repositories/12/archival_objects/2377579,200
/repositories/12/archival_objects/2377450,200
/repositories/12/archival_objects/2377558,200
/repositories/12/archival_objects/2377633,200
/repositories/12/archival_objects/2377500,200
/repositories/12/archival_objects/2377560,200
/repositories/12/archival_objects/2377582,200
/repositories/12/archival_objects/2377543,200
/repositories/12/archival_objects/2377392,200
/repositories/12/archival_objects/2377589,200
/repositories/12/archival_objects/2377663,200
/repositories/12/archival_objects/2377547,200
/repositories/12/archival_objects/2378428,200
/repositories/12/archival_objects/2377362,200
/repositories/12/archival_objects/2377288,200
/repositories/12/archival_objects/2377626,200
/repositories/12/archival_objects/2377505,200
/repositories/12/archival_objects/2371363,200
/repositories/12/archival_objects/2371364,200
/repositories/12/archival_objects/2371365,200
/repositories/12/archival_objects/2371368,200
/repositories/12/archival_objects/2371370,200
/repositories/12/archival_objects/2371440,200
/repositories/12/archival_objects/2371453,200
/repositories/12/archival_objects/2371457,200
/repositories/12/archival_objects/2371476,200
/repositories/12/archival_objects/2371483,200
/repositories/12/archival_objects/2371485,200
/repositories/12/archival_objects/2371547,200
/repositories/12/archival_objects/2371548,200
/repositories/12/archival_objects/2371549,200
/repositories/12/archival_objects/2371551,200
/repositories/12/archival_objects/2371553,200
/repositories/12/archival_objects/2371555,200
/repositories/12/archival_objects/2371559,200
/repositories/12/archival_objects/2371560,200
/repositories/12/archival_objects/2371570,200
/repositories/12/archival_objects/2371573,200
/repositories/12/archival_objects/2371575,200
/repositories/12/archival_objects/2371576,200
/repositories/12/archival_objects/2371577,200
/repositories/12/archival_objects/2371601,200
/repositories/12/archival_objects/2371608,200
/repositories/12/archival_objects/2371609,200
/repositories/12/archival_objects/2371612,200
/repositories/12/archival_objects/2371615,200
/repositories/12/archival_objects/2371618,200
/repositories/12/archival_objects/2371619,200
/repositories/12/archival_objects/2371620,200
/repositories/12/archival_objects/2371621,200
/repositories/12/archival_objects/2371623,200
/repositories/12/archival_objects/2371633,200
/repositories/12/archival_objects/2371634,200
/repositories/12/archival_objects/2371638,200
/repositories/12/archival_objects/2371640,200
/repositories/12/archival_objects/2371641,200
/repositories/12/archival_objects/2371642,200
/repositories/12/archival_objects/2371614,200
/repositories/12/archival_objects/3874751,200
/repositories/11/archival_objects/3570019,200
/repositories/12/archival_objects/927393,200
/repositories/12/archival_objects/1431628,200
/repositories/12/archival_objects/1069274,200
/repositories/12/archival_objects/1084584,200
/repositories/12/archival_objects/939033,200
/repositories/11/archival_objects/469899,200
/repositories/11/archival_objects/660808,200
/repositories/11/archival_objects/660823,200
/repositories/11/archival_objects/2989183,200
/repositories/12/archival_objects/818120,200
/repositories/12/archival_objects/2314660,200
/repositories/12/archival_objects/2395680,200
/repositories/12/archival_objects/2009079,200
/repositories/12/archival_objects/886552,200
/repositories/7/archival_objects/3315791,200
/repositories/11/archival_objects/2989182,200
/repositories/7/archival_objects/3309215,200
/repositories/7/archival_objects/3184554,200
/repositories/12/archival_objects/3196449,200
/repositories/12/archival_objects/3196457,200
/repositories/12/archival_objects/3197519,200
/repositories/12/archival_objects/3196446,200
/repositories/12/archival_objects/3196448,200
/repositories/12/archival_objects/3196418,200
/repositories/12/archival_objects/3196420,200
/repositories/12/archival_objects/3196436,200
/repositories/12/archival_objects/3196437,200
/repositories/12/archival_objects/3196440,200
/repositories/12/archival_objects/3196441,200
/repositories/12/archival_objects/3196447,200
/repositories/12/archival_objects/3196459,200
/repositories/12/archival_objects/3196462,200
/repositories/12/archival_objects/3196463,200
/repositories/12/archival_objects/3196465,200
/repositories/12/archival_objects/3196466,200
/repositories/12/archival_objects/3196469,200
/repositories/12/archival_objects/3196477,200
/repositories/12/archival_objects/3196489,200
/repositories/12/archival_objects/3197511,200
/repositories/12/archival_objects/3197512,200
/repositories/12/archival_objects/3197513,200
/repositories/12/archival_objects/3197516,200
/repositories/12/archival_objects/3197517,200
/repositories/12/archival_objects/3197520,200
/repositories/12/archival_objects/3197521,200
/repositories/12/archival_objects/3197523,200
/repositories/12/archival_objects/3197524,200
/repositories/12/archival_objects/3197545,200
/repositories/12/archival_objects/3197546,200
/repositories/12/archival_objects/3197548,200
/repositories/12/archival_objects/3197550,200
/repositories/12/archival_objects/3197551,200
/repositories/12/archival_objects/3197553,200
/repositories/12/archival_objects/3197554,200
/repositories/12/archival_objects/3197556,200
/repositories/12/archival_objects/3197613,200
/repositories/12/archival_objects/3198911,200
/repositories/12/archival_objects/3198912,200
/repositories/12/archival_objects/3198913,200
/repositories/12/archival_objects/3198914,200
/repositories/12/archival_objects/3198935,200
/repositories/12/archival_objects/3198936,200
/repositories/12/archival_objects/3198937,200
/repositories/12/archival_objects/3198938,200
/repositories/12/archival_objects/3198939,200
/repositories/12/archival_objects/3198940,200
/repositories/12/archival_objects/3198941,200
/repositories/12/archival_objects/3198942,200
/repositories/12/archival_objects/3196416,200
/repositories/12/archival_objects/3196439,200
/repositories/12/archival_objects/3196445,200
/repositories/12/archival_objects/3196450,200
/repositories/12/archival_objects/3196456,200
/repositories/12/archival_objects/3196458,200
/repositories/12/archival_objects/3196461,200
/repositories/12/archival_objects/3196464,200
/repositories/12/archival_objects/3196467,200
/repositories/12/archival_objects/3196468,200
/repositories/12/archival_objects/3197510,200
/repositories/12/archival_objects/3197514,200
/repositories/12/archival_objects/3197515,200
/repositories/12/archival_objects/3197518,200
/repositories/12/archival_objects/3197522,200
/repositories/12/archival_objects/3197544,200
/repositories/12/archival_objects/3197547,200
/repositories/12/archival_objects/3197549,200
/repositories/12/archival_objects/3197552,200
/repositories/12/archival_objects/3197555,200
/repositories/12/archival_objects/3198894,200
/repositories/12/archival_objects/3198895,200
/repositories/12/archival_objects/3198896,200
/repositories/12/archival_objects/3198897,200
/repositories/12/archival_objects/3198898,200
/repositories/12/archival_objects/3198899,200
/repositories/12/archival_objects/3198900,200
/repositories/12/archival_objects/3198901,200
/repositories/12/archival_objects/3198902,200
/repositories/12/archival_objects/3198903,200
/repositories/12/archival_objects/3198904,200
/repositories/12/archival_objects/3198905,200
/repositories/12/archival_objects/3198906,200
/repositories/12/archival_objects/3198907,200
/repositories/12/archival_objects/3198908,200
/repositories/12/archival_objects/3198909,200
/repositories/12/archival_objects/3198910,200
/repositories/12/archival_objects/3200216,200
/repositories/12/archival_objects/3200218,200
/repositories/12/archival_objects/3200222,200
/repositories/12/archival_objects/3200223,200
/repositories/12/archival_objects/3200224,200
/repositories/12/archival_objects/3200225,200
/repositories/12/archival_objects/851482,200
/repositories/12/archival_objects/2646839,200
/repositories/12/archival_objects/825030,200
/repositories/12/archival_objects/2104152,200
/repositories/5/resources/364,200
/repositories/11/resources/516,200
/repositories/11/resources/532,200
/repositories/11/resources/589,200
/repositories/11/resources/993,200
/repositories/11/resources/1166,200
/repositories/11/resources/1190,200
/repositories/11/resources/1282,200
/repositories/11/resources/1316,200
/repositories/11/resources/1406,200
/repositories/11/resources/1474,200
/repositories/11/resources/1511,200
/repositories/11/resources/1531,200
/repositories/11/resources/1570,200
/repositories/11/resources/1571,200
/repositories/11/resources/1690,200
/repositories/11/resources/1775,200
/repositories/11/resources/1859,200
/repositories/11/resources/1864,200
/repositories/11/resources/1871,200
/repositories/12/resources/2600,200
/repositories/12/resources/2609,200
/repositories/12/resources/2697,200
/repositories/12/resources/2982,200
/repositories/12/resources/3219,200
/repositories/12/resources/3334,200
/repositories/12/resources/3468,200
/repositories/12/resources/3480,200
/repositories/12/resources/3500,200
/repositories/12/resources/3569,200
/repositories/12/resources/3639,200
/repositories/12/resources/3665,200
/repositories/12/resources/3685,200
/repositories/12/resources/3698,200
/repositories/12/resources/3700,409
/repositories/12/resources/3722,200
/repositories/12/resources/3724,200
/repositories/12/resources/3726,200
/repositories/12/resources/3735,200
/repositories/12/resources/3737,200
/repositories/12/resources/3749,200
/repositories/12/resources/3768,200
/repositories/12/resources/3811,200
/repositories/12/resources/3812,200
/repositories/12/resources/3874,200
/repositories/12/resources/3902,200
/repositories/12/resources/3912,200
/repositories/12/resources/4039,200
/repositories/12/resources/4090,200
/repositories/12/resources/4092,200
/repositories/12/resources/4147,200
/repositories/12/resources/4240,200
/repositories/12/resources/4420,200
/repositories/12/resources/4448,200
/repositories/12/resources/4471,200
/repositories/12/resources/4482,200
/repositories/12/resources/4484,200
/repositories/12/resources/4487,200
/repositories/12/resources/4498,200
/repositories/12/resources/4505,200
/repositories/12/resources/4512,200
/repositories/12/resources/4547,200
/repositories/12/resources/4551,200
/repositories/12/resources/4835,200
/repositories/12/resources/4844,200
/repositories/12/resources/4849,200
/repositories/12/resources/4875,200
/repositories/12/resources/4900,200
/repositories/12/resources/4901,200
/repositories/12/resources/5260,200
/repositories/11/resources/5449,200
/repositories/11/resources/5489,200
/repositories/11/resources/5605,200
/repositories/11/resources/10999,200
/repositories/11/resources/11248,200
/repositories/12/resources/11275,200
/repositories/12/resources/11316,200
/repositories/4/resources/11731,200
/repositories/12/resources/11735,200
/repositories/11/resources/12206,200
/repositories/12/resources/12210,200
/repositories/11/resources/12928,200
/repositories/11/resources/13309,200
/repositories/11/resources/13333,200
/repositories/11/resources/13631,200
/repositories/11/resources/13633,200
